id,first_name,last_name,email,gender,ip_address
1,Andee,Davson,adavson0@vistaprint.com,Female,108.213.233.204
2,Allyson,Russell,arussell1@illinois.edu,Female,125.158.49.36
3,Carolann,Dack,cdack2@e-recht24.de,Female,0.249.180.104
4,Townie,Elsdon,telsdon3@apple.com,Male,76.71.109.53
5,Matthew,Tidd,mtidd4@ebay.co.uk,Male,90.31.156.214
6,Nerti,Cregan,ncregan5@mysql.com,Female,187.44.46.44
7,Sascha,Heimann,sheimann6@prlog.org,Male,143.251.244.15
8,Merola,Londors,mlondors7@360.cn,Female,196.218.25.13
9,Ruthy,MacDwyer,rmacdwyer8@google.com.br,Female,208.205.6.208
10,Van,Oakeby,voakeby9@moonfruit.com,Male,86.163.126.203
11,Arlan,Mulvy,amulvya@thetimes.co.uk,Male,147.71.209.51
12,Maggi,Guittet,mguittetb@weather.com,Female,162.237.113.244
13,Dorie,Grindlay,dgrindlayc@rakuten.co.jp,Female,174.155.209.154
14,Sly,Jobey,sjobeyd@oakley.com,Male,209.122.188.179
15,Reinaldo,Santora,rsantorae@walmart.com,Male,81.215.110.209
16,Paulina,Pressman,ppressmanf@psu.edu,Female,99.15.108.196
17,Clemence,Sagg,csaggg@google.cn,Female,157.42.239.202
18,Engracia,Shafe,eshafeh@ycombinator.com,Female,44.112.93.59
19,Mitchel,Solomonides,msolomonidesi@independent.co.uk,Male,97.120.154.196
20,Nerti,Pickavant,npickavantj@nsw.gov.au,Female,80.24.136.7
21,Nathanil,Soames,nsoamesk@utexas.edu,Male,150.102.83.220
22,Russell,Gallear,rgallearl@cornell.edu,Male,152.65.223.176
23,Hillary,Hainsworth,hhainsworthm@eventbrite.com,Male,178.22.205.220
24,Gill,Vinnick,gvinnickn@ehow.com,Female,165.24.202.91
25,Gerri,Addington,gaddingtono@skype.com,Male,189.125.135.171
26,Tamqrah,Tilzey,ttilzeyp@arstechnica.com,Female,113.93.82.117
27,Rhona,Wherry,rwherryq@whitehouse.gov,Female,234.104.124.243
28,Franky,Isaksson,fisakssonr@cargocollective.com,Female,65.202.135.225
29,Dilan,Creed,dcreeds@buzzfeed.com,Male,138.211.240.88
30,Laurette,Scolli,lscollit@amazon.com,Female,237.223.147.222
31,Bourke,Stienham,bstienhamu@ehow.com,Male,113.199.156.218
32,Forbes,Daverin,fdaverinv@imgur.com,Male,10.142.184.184
33,Herman,Deignan,hdeignanw@tuttocitta.it,Male,121.92.147.247
34,Phillis,Stuck,pstuckx@tinyurl.com,Female,57.213.44.217
35,Bertha,Shieldon,bshieldony@php.net,Female,6.58.170.187
36,Killie,Rooms,kroomsz@diigo.com,Male,76.241.15.181
37,Stu,Ableson,sableson10@webeden.co.uk,Male,30.24.28.18
38,Augusta,Melliard,amelliard11@forbes.com,Female,41.41.99.13
39,Mona,Itshak,mitshak12@goo.ne.jp,Female,158.191.122.177
40,Randall,Curtis,rcurtis13@phpbb.com,Male,145.225.102.163
41,Pebrook,Worral,pworral14@hao123.com,Male,253.31.43.160
42,Baldwin,Barltrop,bbarltrop15@sakura.ne.jp,Male,15.160.169.197
43,Ranee,Sutherden,rsutherden16@theglobeandmail.com,Female,42.241.224.52
44,Tiffany,Greensall,tgreensall17@e-recht24.de,Female,144.148.112.112
45,Avigdor,Mugford,amugford18@foxnews.com,Male,214.61.138.51
46,Gerri,Mathes,gmathes19@google.com.hk,Female,161.23.119.154
47,Kerr,Rugieri,krugieri1a@unesco.org,Male,104.177.108.148
48,Joya,O'Lehane,jolehane1b@businessweek.com,Female,231.45.223.157
49,Emmalyn,Leat,eleat1c@cmu.edu,Female,135.185.242.236
50,Pedro,Cecere,pcecere1d@webnode.com,Male,244.142.30.210
51,Ranique,Maslen,rmaslen1e@kickstarter.com,Female,131.131.155.147
52,Chicky,Garbutt,cgarbutt1f@bravesites.com,Female,162.44.130.65
53,Sibbie,McKeller,smckeller1g@youtu.be,Female,44.35.164.43
54,Renaldo,McKeevers,rmckeevers1h@dion.ne.jp,Male,5.107.69.59
55,Raf,Hammer,rhammer1i@google.com.br,Female,247.156.197.145
56,Zara,Berge,zberge1j@webnode.com,Female,14.195.183.7
57,Berty,Magor,bmagor1k@nytimes.com,Male,26.255.154.81
58,Melisent,Palfreman,mpalfreman1l@alibaba.com,Female,72.184.145.176
59,Holmes,O'Brogan,hobrogan1m@yolasite.com,Male,102.17.79.103
60,Aveline,Craydon,acraydon1n@livejournal.com,Female,184.122.212.139
61,Noll,Seago,nseago1o@mtv.com,Male,209.42.34.161
62,Myrilla,Hardey,mhardey1p@github.com,Female,17.110.211.203
63,Roddy,Pohl,rpohl1q@nps.gov,Male,46.203.8.53
64,Andee,Forlonge,aforlonge1r@51.la,Female,194.43.137.50
65,Kat,Daud,kdaud1s@disqus.com,Female,132.63.246.129
66,Skipton,Brute,sbrute1t@angelfire.com,Male,152.227.145.106
67,Mendel,Digges,mdigges1u@phpbb.com,Male,171.184.31.227
68,Stephani,Yantsev,syantsev1v@instagram.com,Female,160.200.235.7
69,Erin,Couth,ecouth1w@irs.gov,Male,165.8.188.75
70,Dahlia,Sewell,dsewell1x@w3.org,Female,45.140.147.56
71,Ruthann,Edwicke,redwicke1y@comsenz.com,Female,164.28.0.174
72,Cecelia,O'Lyhane,colyhane1z@omniture.com,Female,5.135.21.226
73,Gerick,Dalton,gdalton20@home.pl,Male,222.201.201.245
74,Irwinn,Leitch,ileitch21@typepad.com,Male,86.189.169.153
75,Cinda,Deshorts,cdeshorts22@cbslocal.com,Female,145.107.63.145
76,Brodie,Renhard,brenhard23@vk.com,Male,161.182.241.129
77,Delila,Ickovicz,dickovicz24@symantec.com,Female,13.62.244.30
78,Bernadette,Sutehall,bsutehall25@hud.gov,Female,141.198.181.12
79,Jilli,Sheers,jsheers26@google.ca,Female,201.130.154.93
80,Emmy,Anshell,eanshell27@globo.com,Female,130.173.152.61
81,Haskell,Ten Broek,htenbroek28@army.mil,Male,12.162.188.42
82,Bertina,Sheaf,bsheaf29@microsoft.com,Female,167.111.66.64
83,Modesty,Bassilashvili,mbassilashvili2a@jugem.jp,Female,81.102.148.224
84,Rafael,Loseby,rloseby2b@com.com,Male,123.226.134.242
85,Munroe,Thurlow,mthurlow2c@uol.com.br,Male,126.164.210.250
86,Bethany,Whightman,bwhightman2d@geocities.jp,Female,7.177.170.50
87,Karoly,Biggar,kbiggar2e@angelfire.com,Male,76.174.237.166
88,Johnathon,Sheering,jsheering2f@wiley.com,Male,70.76.21.96
89,Levin,Fibbings,lfibbings2g@harvard.edu,Male,133.184.10.246
90,Goran,Trenholm,gtrenholm2h@edublogs.org,Male,121.149.147.153
91,Dedra,Younghusband,dyounghusband2i@reference.com,Female,21.190.245.161
92,Delilah,Kmieciak,dkmieciak2j@mac.com,Female,124.219.28.11
93,Raddy,Curteis,rcurteis2k@squarespace.com,Male,130.108.204.253
94,Sebastiano,Zisneros,szisneros2l@blogspot.com,Male,71.182.76.35
95,Andree,Meardon,ameardon2m@dedecms.com,Female,148.17.196.192
96,Cleon,Rookesby,crookesby2n@indiatimes.com,Male,144.156.124.90
97,Lolita,Quenby,lquenby2o@jalbum.net,Female,14.188.110.131
98,Giorgia,Barbour,gbarbour2p@china.com.cn,Female,107.168.236.10
99,Sol,Fellenor,sfellenor2q@smh.com.au,Male,82.119.70.195
100,Ephrayim,Klimentyev,eklimentyev2r@ucoz.ru,Male,255.216.82.106
101,Fanechka,Corbould,fcorbould2s@earthlink.net,Female,178.29.7.165
102,Norah,Prudham,nprudham2t@mayoclinic.com,Female,178.188.236.50
103,Aguste,Canny,acanny2u@taobao.com,Male,155.56.216.229
104,Wylie,Eglaise,weglaise2v@harvard.edu,Male,147.11.204.55
105,Ephraim,Landa,elanda2w@bing.com,Male,73.250.158.145
106,Colly,Payne,cpayne2x@diigo.com,Female,9.70.99.227
107,Welch,Thomlinson,wthomlinson2y@prweb.com,Male,146.154.87.26
108,Burtie,Cubitt,bcubitt2z@thetimes.co.uk,Male,229.217.238.104
109,Griz,Toone,gtoone30@businesswire.com,Male,98.120.90.165
110,Corty,Capun,ccapun31@vkontakte.ru,Male,155.18.249.11
111,Ram,Alphonso,ralphonso32@yellowpages.com,Male,99.172.223.137
112,Lazaro,Shave,lshave33@cloudflare.com,Male,65.6.158.201
113,Gardner,Bonnick,gbonnick34@sourceforge.net,Male,201.6.246.202
114,Rutger,Feldman,rfeldman35@webnode.com,Male,194.161.98.95
115,Jeanelle,Stigers,jstigers36@slate.com,Female,174.167.195.4
116,Amalie,Maciaszczyk,amaciaszczyk37@who.int,Female,40.44.54.36
117,Amery,Robard,arobard38@mapquest.com,Male,114.139.112.245
118,Artur,Dumbellow,adumbellow39@sitemeter.com,Male,7.101.252.12
119,Bobbie,Jaggs,bjaggs3a@hao123.com,Female,68.187.162.236
120,Dion,Whickman,dwhickman3b@epa.gov,Male,37.240.212.93
121,Lorie,Halm,lhalm3c@nymag.com,Female,30.150.138.160
122,Larry,Mattocks,lmattocks3d@goo.gl,Male,142.222.238.158
123,Janith,Barfoot,jbarfoot3e@nytimes.com,Female,250.227.67.50
124,Clemmy,Sweynson,csweynson3f@independent.co.uk,Female,86.52.49.90
125,Obadias,Frankland,ofrankland3g@deliciousdays.com,Male,176.127.111.174
126,Pablo,Domleo,pdomleo3h@reference.com,Male,72.116.117.44
127,Iolanthe,Pithcock,ipithcock3i@youtube.com,Female,109.20.76.187
128,Caitlin,Redferne,credferne3j@ibm.com,Female,29.43.114.18
129,Quinton,Broker,qbroker3k@studiopress.com,Male,51.17.209.44
130,Laurence,Drinnan,ldrinnan3l@sphinn.com,Male,187.224.158.118
131,Nicky,Eversley,neversley3m@canalblog.com,Male,77.202.78.146
132,Anstice,Meier,ameier3n@buzzfeed.com,Female,130.143.115.88
133,Berny,MacCorley,bmaccorley3o@cbslocal.com,Male,34.199.60.251
134,Adams,Feakins,afeakins3p@wunderground.com,Male,26.231.14.210
135,Micki,Alasdair,malasdair3q@reference.com,Female,151.70.176.242
136,Alix,Rayworth,arayworth3r@netscape.com,Female,190.45.107.220
137,Luz,Thornbarrow,lthornbarrow3s@artisteer.com,Female,232.45.192.187
138,Ulrica,Denzey,udenzey3t@europa.eu,Female,104.144.180.104
139,Worthington,Cowtherd,wcowtherd3u@spiegel.de,Male,199.180.179.178
140,Ches,Downes,cdownes3v@devhub.com,Male,143.211.182.17
141,Humbert,Showte,hshowte3w@instagram.com,Male,8.153.30.161
142,Aurlie,Disney,adisney3x@google.it,Female,130.153.54.135
143,Dorree,Feasey,dfeasey3y@mashable.com,Female,223.34.159.174
144,Pandora,Splaven,psplaven3z@wufoo.com,Female,128.41.4.101
145,Lissa,Beal,lbeal40@technorati.com,Female,233.192.253.182
146,Fredra,Warden,fwarden41@businessinsider.com,Female,168.98.171.64
147,Fredric,Di Carli,fdicarli42@businesswire.com,Male,129.68.76.225
148,Mick,Cornell,mcornell43@edublogs.org,Male,223.60.56.173
149,Esma,Tolley,etolley44@newsvine.com,Female,37.16.162.224
150,Nadiya,Sevior,nsevior45@utexas.edu,Female,91.215.76.150
151,Patrick,Nevet,pnevet46@booking.com,Male,131.27.32.150
152,Flore,Brigge,fbrigge47@xinhuanet.com,Female,187.60.63.117
153,Reinhard,Ledger,rledger48@wufoo.com,Male,248.132.101.4
154,Niels,Dunklee,ndunklee49@kickstarter.com,Male,185.74.205.24
155,Debee,Klulik,dklulik4a@dmoz.org,Female,10.134.216.248
156,Sophie,Braunthal,sbraunthal4b@blinklist.com,Female,172.109.191.77
157,Ora,Berrygun,oberrygun4c@issuu.com,Female,87.171.181.62
158,Cori,McIlwrick,cmcilwrick4d@skype.com,Male,25.29.113.54
159,Prudence,Willden,pwillden4e@census.gov,Female,101.98.220.242
160,Karine,Ert,kert4f@webs.com,Female,242.33.114.120
161,Emlynn,Bassil,ebassil4g@dagondesign.com,Female,10.201.230.137
162,Kettie,Husselbee,khusselbee4h@ed.gov,Female,75.22.237.228
163,Roxie,Selwood,rselwood4i@archive.org,Female,238.55.39.186
164,Jazmin,Widdows,jwiddows4j@posterous.com,Female,201.95.79.5
165,Mozelle,Bourdel,mbourdel4k@latimes.com,Female,110.135.89.174
166,Ambrosius,Brundale,abrundale4l@sitemeter.com,Male,252.50.220.0
167,Muffin,Samart,msamart4m@flickr.com,Female,219.204.249.23
168,Ike,Townby,itownby4n@angelfire.com,Male,215.150.230.149
169,Padraig,Popple,ppopple4o@163.com,Male,140.124.53.253
170,Lara,Pail,lpail4p@trellian.com,Female,77.62.104.150
171,Jennifer,Ferrar,jferrar4q@geocities.com,Female,82.184.30.78
172,Salome,Vasyukhnov,svasyukhnov4r@opera.com,Female,247.222.96.125
173,Miles,Ivell,mivell4s@cargocollective.com,Male,184.36.60.214
174,Gerhardt,Seymark,gseymark4t@youtu.be,Male,151.230.38.27
175,Valaria,Kitcatt,vkitcatt4u@qq.com,Female,54.238.125.185
176,Tyson,Farriar,tfarriar4v@free.fr,Male,49.86.43.106
177,Bellanca,Rickesies,brickesies4w@statcounter.com,Female,195.1.123.244
178,Taffy,Elleray,telleray4x@github.com,Female,95.98.23.249
179,Desdemona,Saffell,dsaffell4y@washington.edu,Female,7.98.242.180
180,Bram,Gleader,bgleader4z@aol.com,Male,150.73.205.178
181,Priscella,Kasbye,pkasbye50@quantcast.com,Female,131.226.211.200
182,Candace,Fenton,cfenton51@trellian.com,Female,111.135.130.60
183,Clemence,Pennaman,cpennaman52@utexas.edu,Female,172.150.108.232
184,Davidde,Minihane,dminihane53@de.vu,Male,51.28.63.8
185,Georgetta,Poundesford,gpoundesford54@europa.eu,Female,166.108.51.15
186,Sherwood,Pozzo,spozzo55@blogtalkradio.com,Male,68.183.9.133
187,Vinnie,Pinches,vpinches56@tamu.edu,Male,87.248.12.150
188,Margot,Mangeon,mmangeon57@home.pl,Female,206.231.54.176
189,Loree,Berrill,lberrill58@de.vu,Female,67.254.169.218
190,Hamil,Pigden,hpigden59@wiley.com,Male,57.153.253.253
191,Isadora,Angove,iangove5a@imdb.com,Female,167.52.247.24
192,Yovonnda,Fellgatt,yfellgatt5b@toplist.cz,Female,88.71.60.52
193,Ikey,Mattosoff,imattosoff5c@wunderground.com,Male,139.11.183.209
194,Zonda,Divisek,zdivisek5d@lycos.com,Female,234.184.203.183
195,Nobe,McGrale,nmcgrale5e@whitehouse.gov,Male,60.66.140.115
196,Carolee,McShee,cmcshee5f@paginegialle.it,Female,80.214.244.108
197,Marcelia,Fraser,mfraser5g@seattletimes.com,Female,151.160.46.212
198,Waverley,Loxston,wloxston5h@storify.com,Male,145.248.204.3
199,Gracia,Sivell,gsivell5i@vk.com,Female,89.196.59.58
200,Vivian,Thorneywork,vthorneywork5j@unesco.org,Female,22.77.5.198
201,Winnie,Buckerfield,wbuckerfield5k@rambler.ru,Female,236.184.139.246
202,Brade,Callaway,bcallaway5l@paginegialle.it,Male,73.61.165.88
203,Omar,Esley,oesley5m@a8.net,Male,47.90.64.21
204,Tobin,Scholtis,tscholtis5n@constantcontact.com,Male,45.115.249.46
205,Lemmie,Dungee,ldungee5o@people.com.cn,Male,66.37.44.98
206,Hunt,Sherry,hsherry5p@sciencedaily.com,Male,231.160.173.141
207,Mendie,O'Hartigan,mohartigan5q@domainmarket.com,Male,46.171.151.217
208,David,Castiblanco,dcastiblanco5r@nih.gov,Male,145.129.25.8
209,Stephani,Beet,sbeet5s@qq.com,Female,78.165.225.99
210,Tait,Dunlea,tdunlea5t@engadget.com,Male,54.177.145.194
211,Ros,Pinchon,rpinchon5u@ucoz.ru,Female,198.184.110.254
212,Raphael,Brandino,rbrandino5v@wsj.com,Male,121.107.1.173
213,Nat,Fardon,nfardon5w@ow.ly,Male,133.218.132.67
214,Justen,Abeau,jabeau5x@github.io,Male,109.86.81.205
215,Chrissie,Kettell,ckettell5y@prnewswire.com,Female,98.95.186.116
216,Umberto,Carlucci,ucarlucci5z@prnewswire.com,Male,10.179.137.35
217,Merrill,Stucke,mstucke60@t-online.de,Male,185.83.30.186
218,Filide,Snoday,fsnoday61@chron.com,Female,40.222.64.11
219,Sarita,Bumphries,sbumphries62@comsenz.com,Female,32.101.232.70
220,Mattie,Gosneye,mgosneye63@elpais.com,Female,33.59.128.155
221,Margery,Oglesbee,moglesbee64@surveymonkey.com,Female,169.137.196.232
222,Martie,Westberg,mwestberg65@globo.com,Male,79.135.142.6
223,Oliver,Griffiths,ogriffiths66@google.com.au,Male,184.134.234.109
224,Adiana,Auguste,aauguste67@nifty.com,Female,129.222.176.24
225,Ara,Bartolijn,abartolijn68@mapquest.com,Male,165.211.16.212
226,Leif,Pelham,lpelham69@businessinsider.com,Male,188.95.136.227
227,Say,Bedin,sbedin6a@skyrock.com,Male,253.69.233.63
228,Sherlocke,Langworthy,slangworthy6b@bbb.org,Male,156.186.0.44
229,Holly,Saunders,hsaunders6c@europa.eu,Male,83.54.186.190
230,Abbi,Jahner,ajahner6d@google.pl,Female,160.174.187.105
231,Waylon,Larive,wlarive6e@opera.com,Male,57.18.115.144
232,Maurene,Binny,mbinny6f@php.net,Female,58.45.239.21
233,Joye,Gynni,jgynni6g@amazon.de,Female,71.65.60.12
234,Kendre,Buffey,kbuffey6h@myspace.com,Female,91.196.118.75
235,Les,Croley,lcroley6i@dmoz.org,Male,228.201.253.169
236,Nicola,Pepye,npepye6j@businessinsider.com,Male,190.69.7.176
237,Pennie,Giscken,pgiscken6k@walmart.com,Female,192.233.108.124
238,Lion,Vescovini,lvescovini6l@ftc.gov,Male,251.248.250.81
239,Garey,Stiff,gstiff6m@umich.edu,Male,143.216.234.29
240,Zondra,Eggers,zeggers6n@china.com.cn,Female,203.206.97.123
241,Pen,Boake,pboake6o@xrea.com,Female,53.54.212.49
242,Elbert,Reddecliffe,ereddecliffe6p@clickbank.net,Male,157.222.31.227
243,Kennie,Ong,kong6q@sbwire.com,Male,19.58.182.141
244,Tarah,Dumbrall,tdumbrall6r@youku.com,Female,117.124.39.198
245,Cindi,Lougheed,clougheed6s@arizona.edu,Female,231.135.88.252
246,Gregor,Dingivan,gdingivan6t@ed.gov,Male,125.242.99.143
247,Jo,Cowherd,jcowherd6u@digg.com,Female,157.169.22.41
248,Doralin,Wolfinger,dwolfinger6v@patch.com,Female,39.229.235.204
249,Vergil,Collough,vcollough6w@flavors.me,Male,196.240.123.254
250,Margarette,Sadd,msadd6x@ted.com,Female,62.89.165.43
251,Siana,Van Velden,svanvelden6y@answers.com,Female,20.213.93.111
252,Buiron,Pycock,bpycock6z@cbsnews.com,Male,36.174.210.95
253,Stacie,McQuirk,smcquirk70@ifeng.com,Female,161.249.167.243
254,Matteo,Shevill,mshevill71@taobao.com,Male,200.160.158.118
255,Tarah,O'Hanley,tohanley72@imgur.com,Female,246.29.197.86
256,Robby,Toulson,rtoulson73@bbb.org,Male,126.207.140.133
257,Aurelia,Ralling,aralling74@deliciousdays.com,Female,123.23.232.8
258,Sianna,Pardue,spardue75@list-manage.com,Female,169.130.189.253
259,Humfried,Orgen,horgen76@amazon.co.jp,Male,154.37.156.102
260,Ezri,Erskine,eerskine77@lulu.com,Male,109.235.49.153
261,Dov,Ellice,dellice78@hatena.ne.jp,Male,6.121.45.100
262,Wilbert,Ackeroyd,wackeroyd79@dion.ne.jp,Male,22.189.45.102
263,Curry,Lowsely,clowsely7a@cam.ac.uk,Male,199.31.231.254
264,Decca,Peddowe,dpeddowe7b@discuz.net,Male,127.104.165.53
265,Robena,Jaouen,rjaouen7c@aboutads.info,Female,145.163.10.173
266,Kyle,Vasyutkin,kvasyutkin7d@mysql.com,Male,161.162.226.255
267,Aluin,Ockleshaw,aockleshaw7e@lycos.com,Male,235.121.203.211
268,Richmound,Vaines,rvaines7f@time.com,Male,159.57.77.248
269,Phyllis,Bettlestone,pbettlestone7g@domainmarket.com,Female,252.183.21.193
270,Juli,Lichfield,jlichfield7h@mapquest.com,Female,117.81.70.24
271,Margeaux,Johann,mjohann7i@narod.ru,Female,47.81.83.90
272,Delphine,Cussen,dcussen7j@instagram.com,Female,211.105.121.104
273,Roch,Doeg,rdoeg7k@oracle.com,Female,112.202.100.202
274,Stillman,Clackson,sclackson7l@si.edu,Male,159.88.80.248
275,Faina,Dobeson,fdobeson7m@trellian.com,Female,203.181.58.145
276,Thaddus,Cullivan,tcullivan7n@goo.gl,Male,202.18.112.253
277,Wernher,Wholesworth,wwholesworth7o@slate.com,Male,38.157.164.112
278,Silvester,Demare,sdemare7p@europa.eu,Male,85.236.192.94
279,Ashlee,Allden,aallden7q@addtoany.com,Female,30.164.82.137
280,Nikolos,Frunks,nfrunks7r@weebly.com,Male,157.12.12.156
281,Jessalyn,Izzett,jizzett7s@gov.uk,Female,24.70.142.102
282,Margy,Wiles,mwiles7t@comsenz.com,Female,137.175.147.47
283,Brock,Dafforne,bdafforne7u@senate.gov,Male,200.192.121.195
284,Maynard,Le febre,mlefebre7v@mashable.com,Male,213.159.1.168
285,Mary,Gatherell,mgatherell7w@hc360.com,Female,113.113.114.224
286,Arlen,Lyddy,alyddy7x@slate.com,Male,201.109.43.226
287,Kippie,Tommei,ktommei7y@google.pl,Female,100.144.229.15
288,Ingunna,McKelvey,imckelvey7z@economist.com,Female,112.57.54.78
289,Clarette,Youdell,cyoudell80@redcross.org,Female,181.208.145.140
290,Trueman,Gillani,tgillani81@alexa.com,Male,108.129.142.111
291,Gisele,Lakenden,glakenden82@themeforest.net,Female,39.130.247.38
292,Camilla,Gaucher,cgaucher83@cbsnews.com,Female,54.200.92.18
293,Gussie,Brekonridge,gbrekonridge84@cnbc.com,Female,26.3.233.25
294,Wylie,Bounds,wbounds85@hibu.com,Male,182.188.93.213
295,Cyrus,Enston,censton86@msu.edu,Male,209.168.146.135
296,Lawton,Tibbits,ltibbits87@sciencedirect.com,Male,6.135.216.8
297,Ban,McKyrrelly,bmckyrrelly88@over-blog.com,Male,52.117.61.200
298,Rabi,Guidelli,rguidelli89@latimes.com,Male,251.230.13.218
299,Yvonne,Jepensen,yjepensen8a@oracle.com,Female,132.191.87.194
300,Ciel,Knoble,cknoble8b@nsw.gov.au,Female,181.214.47.253
301,Klemens,O'Fogarty,kofogarty8c@blogs.com,Male,124.252.42.216
302,Cornelius,Felkin,cfelkin8d@msu.edu,Male,34.122.96.249
303,Timmie,Sooley,tsooley8e@cafepress.com,Male,198.113.73.145
304,Fanechka,Shaxby,fshaxby8f@samsung.com,Female,154.186.139.94
305,Mandie,Vasentsov,mvasentsov8g@un.org,Female,183.156.81.219
306,Osbourn,Reaveley,oreaveley8h@cdbaby.com,Male,110.4.89.142
307,Derrik,Maxwaile,dmaxwaile8i@go.com,Male,134.198.71.4
308,Aridatha,Proom,aproom8j@adobe.com,Female,153.104.118.217
309,Glenn,MacKeogh,gmackeogh8k@163.com,Female,44.195.104.42
310,Stanley,Turner,sturner8l@europa.eu,Male,48.188.219.248
311,Nobe,Beeching,nbeeching8m@berkeley.edu,Male,66.159.212.76
312,Jillayne,Spreull,jspreull8n@wisc.edu,Female,150.164.54.32
313,Jaye,Scala,jscala8o@vistaprint.com,Male,123.56.77.212
314,Clare,Thieme,cthieme8p@i2i.jp,Male,125.29.119.188
315,Aline,Brentnall,abrentnall8q@nationalgeographic.com,Female,206.46.218.192
316,Milton,Stiant,mstiant8r@flavors.me,Male,126.137.74.228
317,Valery,Crickmer,vcrickmer8s@irs.gov,Female,111.254.159.85
318,Garrett,Brittles,gbrittles8t@dropbox.com,Male,201.162.178.234
319,Darcy,Gratrix,dgratrix8u@chronoengine.com,Female,165.169.49.167
320,Joannes,Seear,jseear8v@diigo.com,Female,160.118.2.175
321,Patrice,Gilardengo,pgilardengo8w@symantec.com,Female,167.231.91.0
322,Colly,Lockhead,clockhead8x@com.com,Female,116.230.58.165
323,Zacharie,McInulty,zmcinulty8y@economist.com,Male,197.81.205.103
324,Karolina,Bryer,kbryer8z@prnewswire.com,Female,106.248.151.157
325,Genevieve,Ramelot,gramelot90@facebook.com,Female,235.234.2.81
326,Vivyanne,Bolver,vbolver91@issuu.com,Female,189.140.238.2
327,Star,Gadney,sgadney92@artisteer.com,Female,107.93.138.0
328,Michell,McGrill,mmcgrill93@drupal.org,Female,86.204.93.172
329,Valdemar,Newborn,vnewborn94@patch.com,Male,23.134.155.58
330,Mart,Gatland,mgatland95@indiegogo.com,Male,42.193.225.70
331,Chrisy,Heineke,cheineke96@tiny.cc,Male,93.129.27.89
332,Anderea,Cowper,acowper97@lycos.com,Female,142.69.199.231
333,Ibrahim,Mash,imash98@mapquest.com,Male,5.41.180.33
334,Dermot,Mound,dmound99@cdbaby.com,Male,177.160.22.41
335,Trenna,Strachan,tstrachan9a@independent.co.uk,Female,252.178.108.138
336,Herby,Stert,hstert9b@cbslocal.com,Male,162.27.211.88
337,Beatrice,Whissell,bwhissell9c@go.com,Female,95.28.138.87
338,Jordain,Petrusch,jpetrusch9d@si.edu,Female,147.95.173.186
339,Reynolds,Llewellen,rllewellen9e@tumblr.com,Male,1.63.154.196
340,Eustace,Luckham,eluckham9f@ibm.com,Male,4.97.11.191
341,Shepherd,Athy,sathy9g@ox.ac.uk,Male,78.222.210.34
342,Ban,Jakovijevic,bjakovijevic9h@joomla.org,Male,8.214.50.233
343,Jenilee,Nerne,jnerne9i@vistaprint.com,Female,225.218.85.163
344,Erena,Risely,erisely9j@dot.gov,Female,67.19.192.79
345,Matthaeus,Whyatt,mwhyatt9k@washingtonpost.com,Male,231.183.130.150
346,Cirillo,Comini,ccomini9l@multiply.com,Male,116.228.79.70
347,Brandise,Espine,bespine9m@fastcompany.com,Female,199.189.253.73
348,Jolynn,Alleway,jalleway9n@ft.com,Female,110.150.73.254
349,Abagael,Blais,ablais9o@upenn.edu,Female,254.190.45.157
350,Pam,Spire,pspire9p@issuu.com,Female,13.168.96.49
351,Renaldo,Parnham,rparnham9q@dedecms.com,Male,227.205.248.53
352,Rancell,Daouse,rdaouse9r@163.com,Male,24.24.31.50
353,Tamar,Massow,tmassow9s@un.org,Female,148.203.229.116
354,Caroline,Crumb,ccrumb9t@addtoany.com,Female,1.31.59.22
355,Linnea,Ollett,lollett9u@fda.gov,Female,40.29.160.34
356,Gwendolyn,Ruseworth,gruseworth9v@cyberchimps.com,Female,95.8.88.163
357,Davon,Livett,dlivett9w@microsoft.com,Male,244.3.39.139
358,Alden,Loddon,aloddon9x@hibu.com,Male,216.129.110.188
359,Wallache,Cristofol,wcristofol9y@xing.com,Male,9.111.131.94
360,Konstance,Sivewright,ksivewright9z@uol.com.br,Female,241.111.146.167
361,Sarene,Hamerton,shamertona0@fastcompany.com,Female,128.217.134.84
362,Guglielmo,O'Canavan,gocanavana1@nps.gov,Male,125.94.142.233
363,Webb,Matiebe,wmatiebea2@spotify.com,Male,126.23.230.95
364,Norrie,Oneile,noneilea3@mapy.cz,Female,64.106.132.117
365,William,Sweatland,wsweatlanda4@comcast.net,Male,130.101.118.172
366,Giovanni,Allport,gallporta5@surveymonkey.com,Male,96.157.140.54
367,Coretta,Cicco,cciccoa6@ow.ly,Female,238.233.83.223
368,Gillian,Joly,gjolya7@example.com,Female,90.174.4.45
369,Cece,Pannaman,cpannamana8@prweb.com,Male,211.153.73.58
370,Sande,Hairsine,shairsinea9@youtube.com,Female,96.138.146.24
371,Beverie,Hedylstone,bhedylstoneaa@ebay.co.uk,Female,46.133.29.223
372,Shelley,Cleeves,scleevesab@wired.com,Female,53.111.104.156
373,Glendon,Elphinston,gelphinstonac@photobucket.com,Male,150.77.76.185
374,Maighdiln,Trobe,mtrobead@google.it,Female,31.28.183.142
375,Lotti,Paddingdon,lpaddingdonae@lulu.com,Female,222.250.95.199
376,Devondra,Ablitt,dablittaf@google.ca,Female,15.99.179.15
377,Ranna,Backsal,rbacksalag@state.tx.us,Female,153.148.240.3
378,Hortense,Ellick,hellickah@instagram.com,Female,110.207.190.133
379,Blondy,Pavlishchev,bpavlishchevai@is.gd,Female,87.211.37.68
380,Elie,Raistrick,eraistrickaj@creativecommons.org,Female,161.61.232.231
381,Rheba,Ridolfi,rridolfiak@webmd.com,Female,52.91.246.90
382,Sax,Scotchmore,sscotchmoreal@howstuffworks.com,Male,157.202.246.143
383,Tull,Lenihan,tlenihanam@engadget.com,Male,105.27.212.52
384,Pammie,Chat,pchatan@prweb.com,Female,56.240.226.171
385,Guthry,Kelley,gkelleyao@flavors.me,Male,39.26.128.58
386,Allyce,Dunderdale,adunderdaleap@npr.org,Female,96.67.254.11
387,Alayne,Truman,atrumanaq@nationalgeographic.com,Female,79.58.201.245
388,Lenna,Skirlin,lskirlinar@mit.edu,Female,82.81.43.154
389,Teddie,Woodlands,twoodlandsas@bluehost.com,Female,227.24.60.213
390,Amberly,Delacourt,adelacourtat@time.com,Female,76.139.157.115
391,Calley,Belvard,cbelvardau@etsy.com,Female,100.97.64.197
392,Chrisy,Baskeyfied,cbaskeyfiedav@statcounter.com,Male,231.224.206.99
393,Merrielle,Lage,mlageaw@oaic.gov.au,Female,200.130.135.169
394,Monte,Scattergood,mscattergoodax@edublogs.org,Male,61.198.109.87
395,Standford,Ciobotaru,sciobotaruay@weibo.com,Male,164.196.45.197
396,Trev,Paxman,tpaxmanaz@mtv.com,Male,248.191.185.202
397,Rivi,Karolowski,rkarolowskib0@noaa.gov,Female,33.57.53.181
398,Birdie,Diggles,bdigglesb1@skyrock.com,Female,70.191.156.126
399,Emanuel,Shadfourth,eshadfourthb2@google.com.br,Male,234.172.113.121
400,Jared,Schimek,jschimekb3@theglobeandmail.com,Male,192.146.130.58
401,Gordan,Crossland,gcrosslandb4@friendfeed.com,Male,107.104.46.183
402,Kirbee,Halward,khalwardb5@gravatar.com,Female,94.201.12.235
403,Rochell,Sandeman,rsandemanb6@adobe.com,Female,65.24.247.125
404,Sawyere,Rosling,sroslingb7@hibu.com,Male,1.205.97.25
405,Asia,Dowbakin,adowbakinb8@dot.gov,Female,164.125.46.147
406,Elsinore,Meagh,emeaghb9@addthis.com,Female,233.80.118.193
407,Sibella,Wortt,sworttba@histats.com,Female,63.111.82.201
408,Ester,Askew,easkewbb@toplist.cz,Female,178.11.123.153
409,Glynda,Bianco,gbiancobc@seattletimes.com,Female,239.87.9.191
410,Huberto,Bromell,hbromellbd@businessweek.com,Male,77.134.137.243
411,Errol,Goodoune,egoodounebe@telegraph.co.uk,Male,106.183.155.164
412,Rickert,Sprasen,rsprasenbf@blog.com,Male,243.143.35.227
413,Wilden,Christofe,wchristofebg@samsung.com,Male,148.153.130.250
414,Emelita,Tubridy,etubridybh@engadget.com,Female,12.115.201.192
415,Dulcinea,Heggison,dheggisonbi@free.fr,Female,94.23.124.212
416,Vidovic,Demeza,vdemezabj@archive.org,Male,168.9.160.16
417,Duky,Ohm,dohmbk@opensource.org,Male,248.114.3.77
418,Bevon,Dukesbury,bdukesburybl@qq.com,Male,198.41.172.112
419,Kristofor,Bruckent,kbruckentbm@google.com.br,Male,32.57.186.216
420,Maximilien,Micallef,mmicallefbn@goo.ne.jp,Male,143.68.22.203
421,Melissa,Pavolillo,mpavolillobo@bandcamp.com,Female,107.140.85.64
422,Inglis,Carik,icarikbp@1und1.de,Male,159.62.243.28
423,Alasdair,Willacot,awillacotbq@quantcast.com,Male,106.5.157.27
424,Roby,Airlie,rairliebr@msu.edu,Female,158.26.212.2
425,Pembroke,Volet,pvoletbs@rakuten.co.jp,Male,173.112.2.198
426,Wilburt,Edgcumbe,wedgcumbebt@ibm.com,Male,73.34.219.74
427,Huntington,Benger,hbengerbu@un.org,Male,3.26.214.200
428,Jeromy,McGraith,jmcgraithbv@paginegialle.it,Male,192.69.184.10
429,Johnny,Gallemore,jgallemorebw@psu.edu,Male,84.235.241.7
430,Vivianne,Espinoza,vespinozabx@vk.com,Female,29.68.88.108
431,Beatrix,Olding,boldingby@addthis.com,Female,237.194.246.175
432,Adler,Grimm,agrimmbz@house.gov,Male,22.85.142.19
433,Mei,Kop,mkopc0@webmd.com,Female,128.148.185.211
434,Prudy,Pfaffe,ppfaffec1@archive.org,Female,233.74.189.19
435,Allie,Iacovone,aiacovonec2@ifeng.com,Male,165.63.2.156
436,Audre,Masterman,amastermanc3@un.org,Female,239.32.32.131
437,De,Pideon,dpideonc4@dmoz.org,Female,31.16.170.175
438,Reta,Hallums,rhallumsc5@prlog.org,Female,125.207.192.127
439,Eduino,Savidge,esavidgec6@intel.com,Male,205.84.29.250
440,Mattie,Harbinson,mharbinsonc7@ftc.gov,Female,198.28.137.37
441,Nathanael,Pardie,npardiec8@blogger.com,Male,83.16.110.31
442,Arielle,Heathcott,aheathcottc9@51.la,Female,188.182.16.19
443,Caitlin,Ozanne,cozanneca@cloudflare.com,Female,142.52.202.214
444,Harmonie,Yvens,hyvenscb@walmart.com,Female,50.168.114.24
445,Noella,Reuben,nreubencc@harvard.edu,Female,108.39.150.117
446,Richmond,Bittany,rbittanycd@4shared.com,Male,119.249.122.102
447,Arlyne,Sandford,asandfordce@purevolume.com,Female,58.127.244.241
448,Gabey,Chantrell,gchantrellcf@barnesandnoble.com,Female,98.236.56.18
449,Dal,Burman,dburmancg@vinaora.com,Male,188.145.224.119
450,Sheppard,Miko,smikoch@elegantthemes.com,Male,235.229.216.90
451,Rick,Pietruschka,rpietruschkaci@hud.gov,Male,218.238.226.137
452,Vincent,Dennington,vdenningtoncj@independent.co.uk,Male,190.184.56.138
453,Izak,Chesser,ichesserck@oakley.com,Male,139.154.243.119
454,Claretta,Pietroni,cpietronicl@123-reg.co.uk,Female,7.116.31.26
455,Thedric,Fligg,tfliggcm@oracle.com,Male,189.60.88.200
456,Bear,Eggerton,beggertoncn@yahoo.com,Male,90.131.251.121
457,Granny,Corbin,gcorbinco@uol.com.br,Male,136.184.249.47
458,Kendall,Eltone,keltonecp@naver.com,Male,208.110.246.155
459,Rayner,Murrthum,rmurrthumcq@1und1.de,Male,211.214.20.218
460,Sayers,Kearley,skearleycr@scribd.com,Male,174.169.209.32
461,Blayne,O'Fogerty,bofogertycs@gov.uk,Male,131.30.24.142
462,Joshuah,Zecchinelli,jzecchinellict@scribd.com,Male,89.149.253.202
463,Allayne,Dinsmore,adinsmorecu@cisco.com,Male,49.186.47.36
464,Russell,Vint,rvintcv@utexas.edu,Male,187.67.186.49
465,Ramonda,Dinjes,rdinjescw@ox.ac.uk,Female,245.246.51.2
466,Allix,McCreagh,amccreaghcx@elegantthemes.com,Female,33.4.247.86
467,Lorie,Denzilow,ldenzilowcy@seesaa.net,Female,213.41.113.52
468,Dorris,Phizackerly,dphizackerlycz@theatlantic.com,Female,163.239.234.57
469,Marybelle,Cherry,mcherryd0@e-recht24.de,Female,239.255.88.219
470,Simon,Sheehy,ssheehyd1@lycos.com,Male,240.100.21.233
471,Vivie,Purle,vpurled2@deviantart.com,Female,111.131.135.248
472,Leonhard,Kovalski,lkovalskid3@bravesites.com,Male,63.124.93.130
473,Spense,Farrin,sfarrind4@fc2.com,Male,101.81.37.162
474,Stern,Poznanski,spoznanskid5@cpanel.net,Male,33.122.137.253
475,Gayelord,Krolman,gkrolmand6@photobucket.com,Male,239.87.179.234
476,Crichton,Dunning,cdunningd7@unblog.fr,Male,99.215.103.221
477,Timothee,Sanders,tsandersd8@miitbeian.gov.cn,Male,129.148.183.82
478,Jerrold,Pavyer,jpavyerd9@booking.com,Male,118.24.89.136
479,Arie,Yakubowicz,ayakubowiczda@nymag.com,Male,28.229.113.121
480,Alberto,Santino,asantinodb@vinaora.com,Male,232.72.224.45
481,Codie,Bandt,cbandtdc@marketwatch.com,Male,218.66.182.46
482,Sherry,Leber,sleberdd@posterous.com,Female,14.4.35.83
483,Willy,Hannent,whannentde@marriott.com,Male,150.225.53.255
484,Noby,Ramel,nrameldf@samsung.com,Male,85.203.47.108
485,Maressa,Titmuss,mtitmussdg@google.com,Female,133.167.216.201
486,Ekaterina,Domenichelli,edomenichellidh@jugem.jp,Female,34.74.29.185
487,Sanson,Pawlicki,spawlickidi@facebook.com,Male,136.106.146.38
488,Rayner,Will,rwilldj@squarespace.com,Male,71.185.133.31
489,Elli,O' Timony,eotimonydk@gizmodo.com,Female,67.235.90.39
490,Godfry,Yackiminie,gyackiminiedl@java.com,Male,146.193.13.185
491,Ardith,Dixie,adixiedm@businesswire.com,Female,30.43.253.63
492,Cher,Spanswick,cspanswickdn@latimes.com,Female,209.70.37.18
493,Joletta,Elvin,jelvindo@flickr.com,Female,253.124.152.207
494,Felicia,Adair,fadairdp@hubpages.com,Female,105.217.170.55
495,Eddy,Stert,estertdq@state.gov,Male,172.185.102.68
496,Cynthea,Gerg,cgergdr@pinterest.com,Female,38.193.2.208
497,Udell,Halfhide,uhalfhideds@google.nl,Male,91.40.32.170
498,Lurette,Lambourne,llambournedt@hao123.com,Female,10.145.57.114
499,Julius,Alway,jalwaydu@qq.com,Male,10.160.159.202
500,Enoch,Cowherd,ecowherddv@yale.edu,Male,74.95.248.39
501,Tallou,Bratty,tbrattydw@ebay.com,Female,246.83.62.146
502,Jeanine,Galton,jgaltondx@latimes.com,Female,134.82.251.243
503,Chen,Harrisson,charrissondy@tuttocitta.it,Male,124.212.70.192
504,Kristoffer,Erley,kerleydz@pbs.org,Male,76.14.189.227
505,Alix,Shard,asharde0@ocn.ne.jp,Male,19.53.149.2
506,Trumann,Antonignetti,tantonignettie1@washingtonpost.com,Male,95.6.245.205
507,Denver,Abethell,dabethelle2@t-online.de,Male,79.242.217.12
508,Justino,Miche,jmichee3@scientificamerican.com,Male,147.169.146.74
509,Kirby,Woodwind,kwoodwinde4@yahoo.com,Male,79.168.73.215
510,Rivi,Gaddie,rgaddiee5@umich.edu,Female,249.147.226.175
511,Rebecka,O'Feeny,rofeenye6@pinterest.com,Female,116.234.63.252
512,Auberon,Dust,aduste7@miibeian.gov.cn,Male,154.188.160.71
513,Sherye,Niblo,snibloe8@amazon.co.uk,Female,149.219.28.73
514,Blake,Kurdani,bkurdanie9@mapy.cz,Female,250.124.109.67
515,Emogene,Blatherwick,eblatherwickea@patch.com,Female,127.176.174.185
516,Cull,Sillitoe,csillitoeeb@youtu.be,Male,126.196.224.232
517,Mathian,Capponer,mcapponerec@myspace.com,Male,64.90.148.131
518,Harriet,Kirby,hkirbyed@cargocollective.com,Female,147.219.116.72
519,Jeffie,Cleverley,jcleverleyee@whitehouse.gov,Male,244.24.116.148
520,Leonelle,McCleod,lmccleodef@stumbleupon.com,Female,181.252.22.185
521,Max,Adamczyk,madamczykeg@washingtonpost.com,Female,117.175.96.45
522,Wenda,Hinchon,whinchoneh@google.com.hk,Female,27.174.95.213
523,Tirrell,Drohane,tdrohaneei@t.co,Male,57.242.171.179
524,Nikita,Glassopp,nglassoppej@soup.io,Male,112.230.67.235
525,Selia,Archbold,sarchboldek@cam.ac.uk,Female,55.143.209.206
526,Heidie,Nolda,hnoldael@privacy.gov.au,Female,99.67.190.14
527,Delano,Filchakov,dfilchakovem@xinhuanet.com,Male,111.36.169.96
528,Hamel,Mitkin,hmitkinen@forbes.com,Male,46.254.140.5
529,Ammamaria,Emerine,aemerineeo@oaic.gov.au,Female,132.111.149.216
530,Corri,McKibben,cmckibbenep@sciencedaily.com,Female,47.24.108.118
531,Yvor,M'Chirrie,ymchirrieeq@sciencedirect.com,Male,32.74.142.177
532,Flss,MacAloren,fmacalorener@rambler.ru,Female,207.75.91.165
533,Reynard,Adame,radamees@engadget.com,Male,61.107.226.50
534,Sascha,Offa,soffaet@sina.com.cn,Female,95.92.28.66
535,Lane,Gwinnett,lgwinnetteu@oaic.gov.au,Female,239.128.46.165
536,Johnny,Scourgie,jscourgieev@china.com.cn,Male,226.222.161.238
537,Roxine,Severn,rsevernew@go.com,Female,240.197.208.23
538,Glennie,Pautard,gpautardex@yelp.com,Female,254.103.90.125
539,Kirk,Findlow,kfindlowey@discovery.com,Male,146.31.22.79
540,Ricoriki,Jago,rjagoez@wikispaces.com,Male,243.35.190.136
541,Gerhard,Dorsey,gdorseyf0@mozilla.com,Male,196.158.224.176
542,Baldwin,Blaby,bblabyf1@tinypic.com,Male,42.161.29.89
543,Cece,Duchenne,cduchennef2@ning.com,Male,124.71.244.13
544,Cozmo,Thackston,cthackstonf3@dedecms.com,Male,144.118.250.137
545,Armand,Stile,astilef4@fotki.com,Male,195.201.210.6
546,Hyacinthie,Carruth,hcarruthf5@nydailynews.com,Female,237.137.67.20
547,Hallsy,Tillard,htillardf6@1688.com,Male,241.191.120.56
548,Chery,Lainton,claintonf7@hud.gov,Female,188.237.220.227
549,Kayley,Gheeorghie,kgheeorghief8@who.int,Female,237.149.133.98
550,Amelina,Sallan,asallanf9@edublogs.org,Female,138.8.136.241
551,Juan,Wimes,jwimesfa@epa.gov,Male,229.13.35.158
552,Kimberley,Fray,kfrayfb@dion.ne.jp,Female,138.171.58.10
553,Corey,Grono,cgronofc@wisc.edu,Female,91.142.160.159
554,Dory,Worlock,dworlockfd@tamu.edu,Female,242.208.131.244
555,Olivia,Donnan,odonnanfe@youtu.be,Female,16.167.14.19
556,Howie,Spencelayh,hspencelayhff@parallels.com,Male,96.208.118.17
557,Upton,Liggons,uliggonsfg@1und1.de,Male,110.250.223.0
558,Alastair,Penk,apenkfh@admin.ch,Male,234.248.174.174
559,Alia,Dufer,aduferfi@mac.com,Female,245.181.176.156
560,Aldwin,Hartill,ahartillfj@clickbank.net,Male,43.248.190.143
561,Vivyanne,Rego,vregofk@cdbaby.com,Female,50.67.115.165
562,Cecil,Gaunt,cgauntfl@tripod.com,Female,227.201.69.164
563,Rodger,Gethouse,rgethousefm@youtu.be,Male,198.100.124.78
564,Abigail,Rusk,aruskfn@icio.us,Female,45.18.42.153
565,Wallace,Gidley,wgidleyfo@nydailynews.com,Male,143.200.197.34
566,Vannie,Bruna,vbrunafp@auda.org.au,Female,184.67.246.220
567,Sigismundo,Ferroli,sferrolifq@drupal.org,Male,170.171.249.13
568,Abramo,MacDermand,amacdermandfr@vinaora.com,Male,207.64.66.254
569,Hillyer,Linwood,hlinwoodfs@indiatimes.com,Male,123.54.58.13
570,Marlo,Hutsby,mhutsbyft@mail.ru,Male,110.33.74.116
571,Claudianus,Cargenven,ccargenvenfu@wp.com,Male,179.31.165.144
572,Nelli,Vannah,nvannahfv@europa.eu,Female,176.16.129.79
573,Bev,Scawton,bscawtonfw@europa.eu,Male,175.138.5.127
574,Mark,Pridmore,mpridmorefx@vimeo.com,Male,97.237.67.6
575,Megen,Vokes,mvokesfy@narod.ru,Female,125.164.35.17
576,Wilfrid,Tilbey,wtilbeyfz@alibaba.com,Male,113.236.183.86
577,Dulcea,Haswall,dhaswallg0@smh.com.au,Female,144.63.125.255
578,Guglielmo,Scrancher,gscrancherg1@unc.edu,Male,127.234.57.188
579,Austina,Caldaro,acaldarog2@dailymail.co.uk,Female,252.30.244.7
580,Bucky,Scola,bscolag3@tinypic.com,Male,212.229.59.63
581,Nani,Pellitt,npellittg4@unesco.org,Female,247.162.125.108
582,Ulrick,Tuffell,utuffellg5@ucsd.edu,Male,224.111.196.87
583,Fidel,Tayt,ftaytg6@dropbox.com,Male,58.223.211.217
584,Vanya,Cleaton,vcleatong7@icq.com,Female,113.191.232.54
585,Vasily,Cestard,vcestardg8@dagondesign.com,Male,129.197.226.139
586,Beilul,Duddy,bduddyg9@opera.com,Female,156.216.19.53
587,Claiborn,Richie,crichiega@squarespace.com,Male,123.70.181.26
588,Reece,Scothorne,rscothornegb@skype.com,Male,45.177.15.16
589,Clarance,Jendrich,cjendrichgc@buzzfeed.com,Male,250.250.97.45
590,Garik,Guinness,gguinnessgd@bloglovin.com,Male,70.245.73.44
591,Cob,Bergen,cbergenge@ocn.ne.jp,Male,11.192.173.223
592,Mick,Legen,mlegengf@weebly.com,Male,104.17.31.140
593,Marian,Gaymer,mgaymergg@dagondesign.com,Female,48.205.112.8
594,Wayland,Vinau,wvinaugh@google.co.jp,Male,29.94.37.212
595,Svend,Rammell,srammellgi@phoca.cz,Male,221.44.93.146
596,Therine,Duxbury,tduxburygj@go.com,Female,92.252.159.74
597,Susanetta,Liddell,sliddellgk@cnbc.com,Female,53.8.29.152
598,Norris,Delamaine,ndelamainegl@upenn.edu,Male,239.166.248.142
599,Georgine,Athridge,gathridgegm@com.com,Female,185.39.40.74
600,Shawn,Veck,sveckgn@princeton.edu,Female,141.179.70.207
601,Charlene,Pyrah,cpyrahgo@buzzfeed.com,Female,100.14.218.161
602,Adel,Terne,aternegp@un.org,Female,130.187.192.3
603,Loy,Hache,lhachegq@i2i.jp,Male,180.79.16.97
604,Dale,Winspare,dwinsparegr@xing.com,Male,54.118.224.174
605,Gun,Redmell,gredmellgs@domainmarket.com,Male,183.18.153.79
606,Franky,Randles,frandlesgt@gravatar.com,Female,205.227.197.10
607,Sinclair,Von Gladbach,svongladbachgu@topsy.com,Male,29.239.212.82
608,Vanna,Scrivinor,vscrivinorgv@buzzfeed.com,Female,99.75.10.167
609,Phylis,McGoogan,pmcgoogangw@usa.gov,Female,79.1.223.107
610,Donn,Dovidian,ddovidiangx@purevolume.com,Male,184.132.188.165
611,Mehetabel,O'Sheils,mosheilsgy@marketwatch.com,Female,53.148.62.174
612,Johanna,Tale,jtalegz@who.int,Female,125.112.200.196
613,Eldin,Easun,eeasunh0@nps.gov,Male,191.60.47.147
614,Dorisa,Alleyn,dalleynh1@yandex.ru,Female,214.213.50.215
615,Marin,Sandeman,msandemanh2@elpais.com,Female,6.67.1.56
616,Fairfax,Dodridge,fdodridgeh3@china.com.cn,Male,69.192.193.6
617,Parke,Gadie,pgadieh4@archive.org,Male,246.17.67.180
618,Darius,Wetherald,dwetheraldh5@ehow.com,Male,179.244.212.81
619,Krystal,MacDonell,kmacdonellh6@toplist.cz,Female,211.41.225.196
620,Elspeth,Croston,ecrostonh7@wikipedia.org,Female,196.9.163.22
621,Lazare,Saban,lsabanh8@mtv.com,Male,229.150.126.218
622,Roderigo,Ledgley,rledgleyh9@aol.com,Male,158.102.125.253
623,Gwenny,Haggie,ghaggieha@skyrock.com,Female,58.203.116.156
624,Allyson,Laughnan,alaughnanhb@smh.com.au,Female,117.218.101.79
625,Marcelline,O'Halleghane,mohalleghanehc@jugem.jp,Female,137.226.39.176
626,Mei,Lindenberg,mlindenberghd@fastcompany.com,Female,197.223.172.38
627,Emilia,Potter,epotterhe@engadget.com,Female,4.5.17.232
628,Dania,Tebbe,dtebbehf@accuweather.com,Female,59.199.240.221
629,Gweneth,Simonutti,gsimonuttihg@sogou.com,Female,154.73.210.195
630,Adoree,Arguile,aarguilehh@dot.gov,Female,253.20.59.249
631,Thomasine,Wibrew,twibrewhi@cam.ac.uk,Female,248.74.57.235
632,York,Swinden,yswindenhj@economist.com,Male,113.241.13.101
633,Edmund,Paschek,epaschekhk@i2i.jp,Male,45.5.123.138
634,Kelbee,Harnell,kharnellhl@php.net,Male,113.52.105.163
635,Danna,Marques,dmarqueshm@delicious.com,Female,175.50.116.34
636,Carilyn,Devin,cdevinhn@umich.edu,Female,67.124.230.234
637,Denys,Cranney,dcranneyho@yelp.com,Female,68.60.131.124
638,Udall,McKeaney,umckeaneyhp@telegraph.co.uk,Male,23.151.159.180
639,Delia,Gonsalvo,dgonsalvohq@skyrock.com,Female,193.204.132.46
640,Corie,Hazart,chazarthr@mozilla.org,Female,34.45.27.180
641,Adams,Geaney,ageaneyhs@ucsd.edu,Male,30.93.131.66
642,Sidnee,Childes,schildesht@eepurl.com,Male,2.167.139.126
643,Orel,Egarr,oegarrhu@pbs.org,Female,136.223.240.174
644,Gustave,Coneron,gconeronhv@ucla.edu,Male,245.90.57.132
645,Luelle,Haydn,lhaydnhw@github.io,Female,168.16.191.255
646,Aksel,Exposito,aexpositohx@goo.gl,Male,88.0.35.119
647,Archaimbaud,Pitman,apitmanhy@abc.net.au,Male,9.202.96.137
648,Brnaba,Franceschi,bfranceschihz@meetup.com,Male,162.167.127.92
649,Viviyan,Messam,vmessami0@prnewswire.com,Female,47.76.238.238
650,Aveline,Stubbington,astubbingtoni1@cbslocal.com,Female,150.78.111.65
651,Zaccaria,Olsen,zolseni2@flickr.com,Male,112.85.241.43
652,Fenelia,Kivlehan,fkivlehani3@hhs.gov,Female,199.51.4.210
653,Judas,Quarrell,jquarrelli4@acquirethisname.com,Male,129.120.52.199
654,Desmund,Riding,dridingi5@amazon.com,Male,97.206.118.72
655,Grazia,Carik,gcariki6@gizmodo.com,Female,101.122.45.85
656,Teddy,Wadsworth,twadsworthi7@techcrunch.com,Female,27.31.186.87
657,Wynn,Peatheyjohns,wpeatheyjohnsi8@goodreads.com,Male,92.231.94.224
658,Querida,Dalling,qdallingi9@github.io,Female,225.116.80.215
659,Elijah,Olivo,eolivoia@dropbox.com,Male,17.168.71.174
660,Nettie,Billo,nbilloib@jimdo.com,Female,190.161.111.32
661,Jasun,Denisovo,jdenisovoic@miitbeian.gov.cn,Male,101.174.113.109
662,Anabel,Snewin,asnewinid@opensource.org,Female,127.123.70.231
663,Lombard,Bragger,lbraggerie@pagesperso-orange.fr,Male,232.169.186.125
664,Wendy,Fudger,wfudgerif@kickstarter.com,Female,39.213.221.43
665,Herb,Ghilardi,hghilardiig@desdev.cn,Male,158.234.75.42
666,Persis,Spino,pspinoih@fotki.com,Female,83.39.91.120
667,Teddie,Nornasell,tnornasellii@answers.com,Female,167.40.210.181
668,Aloysia,Kynnd,akynndij@livejournal.com,Female,196.83.232.101
669,Arch,Hyatt,ahyattik@simplemachines.org,Male,101.44.140.62
670,Gerta,Simmins,gsimminsil@angelfire.com,Female,153.46.211.155
671,Blithe,McReath,bmcreathim@t-online.de,Female,9.173.227.164
672,Casey,Bydaway,cbydawayin@wunderground.com,Female,205.19.25.109
673,Winny,Turfrey,wturfreyio@nasa.gov,Male,205.17.200.9
674,Nicola,Parnham,nparnhamip@java.com,Female,232.174.77.144
675,Fonsie,Jumel,fjumeliq@yahoo.co.jp,Male,228.73.146.143
676,Naoma,Curdell,ncurdellir@amazon.com,Female,198.23.21.90
677,Barthel,Lisciandro,blisciandrois@nba.com,Male,61.94.246.185
678,Karmen,Tunuy,ktunuyit@si.edu,Female,11.118.149.43
679,Ellissa,Petracco,epetraccoiu@bloglovin.com,Female,24.199.127.250
680,Galen,Furmston,gfurmstoniv@cyberchimps.com,Male,91.231.11.189
681,Koressa,Wilshin,kwilshiniw@domainmarket.com,Female,101.82.180.196
682,Galven,Renehan,grenehanix@istockphoto.com,Male,158.58.65.192
683,Ash,Diver,adiveriy@godaddy.com,Male,167.29.33.181
684,Bessie,Bartolic,bbartoliciz@ebay.co.uk,Female,177.138.193.170
685,Lyon,Monkhouse,lmonkhousej0@dailymotion.com,Male,20.162.29.239
686,Nonie,Fido,nfidoj1@timesonline.co.uk,Female,68.69.165.23
687,Sloane,Macallam,smacallamj2@cnn.com,Male,68.116.193.250
688,Pierre,Stenyng,pstenyngj3@wp.com,Male,76.116.111.178
689,Parnell,Brummitt,pbrummittj4@bigcartel.com,Male,25.152.99.103
690,Freddie,Gillbard,fgillbardj5@ning.com,Male,109.4.33.208
691,Nat,Tanswill,ntanswillj6@dropbox.com,Male,166.202.152.57
692,Dalli,Maultby,dmaultbyj7@census.gov,Male,178.53.255.122
693,Lucio,Scuffham,lscuffhamj8@japanpost.jp,Male,223.66.139.116
694,Sky,Nelsey,snelseyj9@timesonline.co.uk,Male,182.120.97.195
695,Florinda,O'Concannon,foconcannonja@bloglines.com,Female,137.154.107.37
696,Marion,Borrowman,mborrowmanjb@ted.com,Male,70.145.91.146
697,Frasquito,Angear,fangearjc@narod.ru,Male,86.204.11.89
698,Bartholomew,Futcher,bfutcherjd@harvard.edu,Male,156.138.131.35
699,Diego,Boomes,dboomesje@networkadvertising.org,Male,3.39.94.218
700,Jonas,Formilli,jformillijf@storify.com,Male,130.107.97.192
701,Clevie,Benham,cbenhamjg@phpbb.com,Male,51.74.139.225
702,Heinrick,Lain,hlainjh@seattletimes.com,Male,102.62.164.208
703,Killie,Arnauduc,karnauducji@netlog.com,Male,50.143.203.15
704,Muhammad,Glacken,mglackenjj@bloglines.com,Male,31.249.222.114
705,Grayce,Fellos,gfellosjk@elegantthemes.com,Female,107.131.128.194
706,Alejoa,Yoseloff,ayoseloffjl@nhs.uk,Male,28.221.234.79
707,Rosette,Mangenet,rmangenetjm@gmpg.org,Female,54.128.98.134
708,Jaquelin,Alvy,jalvyjn@umich.edu,Female,31.239.229.112
709,Durward,Bilverstone,dbilverstonejo@stumbleupon.com,Male,82.82.252.123
710,Leeland,Fanthom,lfanthomjp@economist.com,Male,247.158.204.136
711,Aurlie,Beecheno,abeechenojq@google.ru,Female,238.38.155.2
712,Pietra,Gumley,pgumleyjr@parallels.com,Female,178.117.202.6
713,Vivi,Cuningham,vcuninghamjs@opera.com,Female,156.244.45.69
714,Kristina,Batchelour,kbatchelourjt@china.com.cn,Female,207.38.189.95
715,Guthry,Scarisbrick,gscarisbrickju@unicef.org,Male,239.233.166.245
716,Dominga,Doley,ddoleyjv@canalblog.com,Female,74.65.105.26
717,Eduard,Geall,egealljw@dmoz.org,Male,91.48.136.47
718,Delmore,Russon,drussonjx@dagondesign.com,Male,221.71.135.218
719,Jodie,Philipp,jphilippjy@utexas.edu,Female,142.68.127.145
720,Issi,Leavens,ileavensjz@tripod.com,Female,238.166.28.52
721,Waldon,Apps,wappsk0@cbc.ca,Male,251.133.37.253
722,Phillie,Kitto,pkittok1@si.edu,Female,226.181.179.20
723,Ola,Jukubczak,ojukubczakk2@msu.edu,Female,94.180.76.202
724,Barron,Dinwoodie,bdinwoodiek3@psu.edu,Male,170.58.51.135
725,Jennee,Davidove,jdavidovek4@go.com,Female,171.66.90.94
726,Almeda,Kirsche,akirschek5@craigslist.org,Female,173.235.47.112
727,Kendre,Nerval,knervalk6@gmpg.org,Female,150.150.92.104
728,Kalli,Matoshin,kmatoshink7@irs.gov,Female,55.207.103.246
729,Tobey,Goodison,tgoodisonk8@cyberchimps.com,Female,163.254.205.225
730,Jenda,Dresche,jdreschek9@odnoklassniki.ru,Female,244.132.148.10
731,Brewster,Showler,bshowlerka@usgs.gov,Male,230.228.243.138
732,Erik,McQuin,emcquinkb@furl.net,Male,250.13.78.9
733,Janot,Stroud,jstroudkc@indiegogo.com,Female,79.221.156.78
734,Sissie,Alvares,salvareskd@un.org,Female,186.104.136.64
735,Pammie,Brumhead,pbrumheadke@nih.gov,Female,146.179.114.184
736,Mohandas,Mettricke,mmettrickekf@utexas.edu,Male,158.19.240.148
737,Orland,Trethowan,otrethowankg@cbsnews.com,Male,145.90.86.70
738,Adella,McGookin,amcgookinkh@china.com.cn,Female,80.204.5.87
739,Wenda,Keep,wkeepki@nature.com,Female,220.143.123.41
740,Gerhard,Plewright,gplewrightkj@51.la,Male,50.21.124.44
741,Keenan,Ebdin,kebdinkk@admin.ch,Male,98.215.225.118
742,Sheelah,Meindl,smeindlkl@ucoz.ru,Female,31.206.246.157
743,Bearnard,Durnall,bdurnallkm@twitter.com,Male,209.48.82.31
744,Lucio,Dewhurst,ldewhurstkn@abc.net.au,Male,128.88.171.99
745,Caril,Iwanowski,ciwanowskiko@i2i.jp,Female,20.27.58.65
746,Haydon,Milsom,hmilsomkp@mozilla.com,Male,211.115.106.58
747,Patty,Fogel,pfogelkq@virginia.edu,Female,0.211.240.123
748,Kris,O'Scollee,koscolleekr@soundcloud.com,Male,68.120.135.235
749,Vivian,Welbrock,vwelbrockks@blinklist.com,Female,191.48.230.198
750,Haleigh,Tourry,htourrykt@vkontakte.ru,Male,248.97.81.131
751,Simona,Densumbe,sdensumbeku@adobe.com,Female,165.71.81.194
752,Giffie,Wormald,gwormaldkv@ocn.ne.jp,Male,250.225.187.103
753,Brigit,Spear,bspearkw@tmall.com,Female,170.49.206.81
754,Orson,Scholtis,oscholtiskx@fema.gov,Male,1.83.212.61
755,Georgine,Risom,grisomky@cpanel.net,Female,35.116.111.6
756,Janene,Cockrell,jcockrellkz@elegantthemes.com,Female,192.3.125.132
757,Germana,Snell,gsnelll0@instagram.com,Female,83.254.44.214
758,Jabez,Badwick,jbadwickl1@vistaprint.com,Male,40.3.62.156
759,Giselbert,Barbrick,gbarbrickl2@fotki.com,Male,47.139.128.120
760,Clay,Caddens,ccaddensl3@tiny.cc,Male,180.89.9.137
761,Dell,Kennan,dkennanl4@soup.io,Female,37.127.110.113
762,Marlon,Ketchell,mketchelll5@webmd.com,Male,33.3.142.62
763,Marieann,Joncic,mjoncicl6@yandex.ru,Female,67.26.230.150
764,Brita,Clampton,bclamptonl7@bandcamp.com,Female,229.8.213.230
765,Denny,Leyshon,dleyshonl8@discuz.net,Male,9.108.244.130
766,Lynnea,Crees,lcreesl9@washingtonpost.com,Female,33.167.95.90
767,Malcolm,Kyston,mkystonla@oaic.gov.au,Male,9.112.197.199
768,Delphinia,Harnes,dharneslb@opensource.org,Female,168.164.220.188
769,Bobbi,Newart,bnewartlc@columbia.edu,Female,159.1.236.242
770,Hunt,Haistwell,hhaistwellld@foxnews.com,Male,9.10.175.145
771,Shauna,McIlwreath,smcilwreathle@myspace.com,Female,176.140.92.5
772,Kele,Fancet,kfancetlf@networksolutions.com,Male,52.173.56.227
773,Parrnell,Shine,pshinelg@canalblog.com,Male,250.161.220.148
774,Heath,Carcas,hcarcaslh@cnn.com,Female,31.38.235.127
775,Ingram,Nevitt,inevittli@china.com.cn,Male,98.194.255.238
776,Fianna,Morando,fmorandolj@blogs.com,Female,164.139.116.203
777,Pip,Decourcy,pdecourcylk@sogou.com,Male,135.48.172.145
778,Gilberto,Gosford,ggosfordll@oracle.com,Male,61.168.109.19
779,Marianna,Merriman,mmerrimanlm@unesco.org,Female,177.195.16.234
780,Shae,Folland,sfollandln@fda.gov,Male,62.245.198.181
781,Morganne,Gun,mgunlo@sbwire.com,Female,4.203.155.69
782,Tomas,Sweet,tsweetlp@topsy.com,Male,164.136.224.90
783,Cairistiona,Dunkerly,cdunkerlylq@vk.com,Female,114.236.238.83
784,Daryn,Avrahamian,davrahamianlr@craigslist.org,Female,230.95.255.90
785,Jethro,Dawe,jdawels@gov.uk,Male,37.45.30.120
786,Libbie,Camell,lcamelllt@ask.com,Female,99.174.160.108
787,Kora,Helbeck,khelbecklu@mediafire.com,Female,70.82.30.119
788,Lindsey,Beavon,lbeavonlv@wufoo.com,Male,55.220.136.152
789,Gussi,Leaves,gleaveslw@jalbum.net,Female,237.126.13.129
790,Dewain,Muir,dmuirlx@angelfire.com,Male,90.103.80.5
791,Malchy,Conniam,mconniamly@nyu.edu,Male,85.44.139.42
792,Davidde,See,dseelz@canalblog.com,Male,68.17.25.13
793,Derwin,Dionis,ddionism0@archive.org,Male,169.191.169.224
794,Lindi,Cuel,lcuelm1@issuu.com,Female,248.185.32.200
795,Adair,Dutson,adutsonm2@home.pl,Male,176.149.156.187
796,Ky,Laroze,klarozem3@51.la,Male,53.83.111.68
797,Kalindi,Salzburg,ksalzburgm4@epa.gov,Female,149.145.201.3
798,Hortensia,Pavier,hpavierm5@xinhuanet.com,Female,247.220.253.231
799,Cara,Mahaddie,cmahaddiem6@webeden.co.uk,Female,104.56.73.248
800,Ludvig,Espinoza,lespinozam7@dailymotion.com,Male,150.13.247.68
801,Irvine,Treadwell,itreadwellm8@furl.net,Male,2.61.125.104
802,Viviene,Howland,vhowlandm9@drupal.org,Female,211.149.166.78
803,Candida,Wharf,cwharfma@scientificamerican.com,Female,164.64.9.35
804,Elana,MacDonogh,emacdonoghmb@4shared.com,Female,20.179.56.80
805,Deanne,Challinor,dchallinormc@4shared.com,Female,231.72.255.199
806,Chandler,Popplestone,cpopplestonemd@weibo.com,Male,205.51.128.244
807,Lexis,Guerrier,lguerrierme@prlog.org,Female,45.228.79.39
808,Gannon,Espinas,gespinasmf@wunderground.com,Male,136.187.176.49
809,Fabe,Knoble,fknoblemg@tiny.cc,Male,115.148.97.130
810,Sharleen,Cleobury,scleoburymh@bing.com,Female,229.137.150.215
811,Andonis,Kliment,aklimentmi@harvard.edu,Male,75.179.45.57
812,Jarrod,Digby,jdigbymj@state.tx.us,Male,212.30.135.144
813,Clemmie,Farr,cfarrmk@about.com,Male,134.70.9.160
814,Jeddy,Smithe,jsmitheml@npr.org,Male,168.88.255.239
815,Vere,Tabary,vtabarymm@t-online.de,Female,78.242.83.139
816,Rawley,Petras,rpetrasmn@usgs.gov,Male,64.49.188.12
817,Grant,Stuckes,gstuckesmo@epa.gov,Male,96.215.179.105
818,Linoel,Stembridge,lstembridgemp@hao123.com,Male,64.80.123.11
819,Zonda,Antao,zantaomq@surveymonkey.com,Female,214.11.181.31
820,Meagan,Glowacha,mglowachamr@360.cn,Female,206.121.80.226
821,Joell,Christofides,jchristofidesms@imgur.com,Female,221.204.134.172
822,Phillip,Tallow,ptallowmt@amazonaws.com,Male,220.158.19.68
823,Cammi,Villaron,cvillaronmu@umich.edu,Female,18.143.199.149
824,Nicolis,Oppery,nopperymv@army.mil,Male,200.102.25.154
825,Catrina,Drummer,cdrummermw@devhub.com,Female,35.89.110.135
826,Hagan,Foker,hfokermx@mit.edu,Male,109.96.216.27
827,Pren,Hallam,phallammy@un.org,Male,185.221.109.75
828,Wilmer,Amar,wamarmz@mayoclinic.com,Male,49.108.73.14
829,Karine,Darcy,kdarcyn0@nsw.gov.au,Female,14.52.123.115
830,Tammi,Brindle,tbrindlen1@washington.edu,Female,155.30.133.17
831,Sybilla,Skep,sskepn2@icq.com,Female,93.150.105.208
832,Tabatha,Seeds,tseedsn3@digg.com,Female,250.156.176.152
833,Abbot,Kopacek,akopacekn4@purevolume.com,Male,93.222.226.163
834,Mic,Saffen,msaffenn5@4shared.com,Male,42.203.162.204
835,Dierdre,Dodell,ddodelln6@360.cn,Female,221.53.74.227
836,Helyn,Rodnight,hrodnightn7@nature.com,Female,130.218.183.128
837,Ulla,Conigsby,uconigsbyn8@narod.ru,Female,60.130.31.52
838,Kristoforo,Salway,ksalwayn9@earthlink.net,Male,173.208.77.201
839,Sheffie,Hardinge,shardingena@timesonline.co.uk,Male,74.4.233.44
840,Gery,Cock,gcocknb@etsy.com,Male,226.17.89.84
841,Olag,Wearing,owearingnc@craigslist.org,Male,111.216.110.30
842,Lisa,Kornilov,lkornilovnd@scientificamerican.com,Female,186.255.112.242
843,Abba,Lotterington,alotteringtonne@house.gov,Male,154.29.83.113
844,Miles,Kubik,mkubiknf@mysql.com,Male,111.69.198.207
845,Dorie,Crebott,dcrebottng@xing.com,Male,97.68.177.206
846,Tonya,Adney,tadneynh@elpais.com,Female,78.173.34.89
847,Gan,Gillooly,ggilloolyni@webs.com,Male,75.35.206.51
848,Darsie,Buzza,dbuzzanj@comcast.net,Female,152.88.179.142
849,Sherwynd,Dibb,sdibbnk@barnesandnoble.com,Male,109.177.71.30
850,Court,Perview,cperviewnl@biglobe.ne.jp,Male,203.33.119.236
851,Krysta,Spencer,kspencernm@kickstarter.com,Female,127.98.248.221
852,Jacinta,Patient,jpatientnn@techcrunch.com,Female,145.207.248.60
853,Maggee,Montague,mmontagueno@exblog.jp,Female,172.27.44.95
854,Germain,Simonsson,gsimonssonnp@ocn.ne.jp,Male,116.158.107.166
855,Eda,Herculeson,eherculesonnq@redcross.org,Female,156.34.186.169
856,Jacques,Speek,jspeeknr@wikia.com,Male,0.179.200.243
857,Agneta,Dunston,adunstonns@t-online.de,Female,25.143.144.107
858,Branden,Stocks,bstocksnt@deliciousdays.com,Male,95.116.123.179
859,Sherri,Edgerton,sedgertonnu@is.gd,Female,175.225.131.202
860,Nettie,Speerman,nspeermannv@wikipedia.org,Female,145.173.88.73
861,Cyrill,Silk,csilknw@desdev.cn,Male,214.217.142.193
862,Ella,Sneddon,esneddonnx@washington.edu,Female,245.108.80.195
863,Raphael,Revie,rrevieny@google.com.au,Male,186.17.196.157
864,Percy,Brogiotti,pbrogiottinz@earthlink.net,Male,159.246.208.37
865,Nicola,Tomaszewski,ntomaszewskio0@taobao.com,Male,169.217.112.146
866,Elisha,Yankin,eyankino1@japanpost.jp,Female,46.234.233.53
867,Hercule,Tessyman,htessymano2@csmonitor.com,Male,243.147.152.92
868,Marten,Gelletly,mgelletlyo3@facebook.com,Male,224.84.21.9
869,Coletta,Keenlyside,ckeenlysideo4@github.com,Female,220.170.86.224
870,Sibley,Comford,scomfordo5@icio.us,Female,241.80.80.249
871,Brian,MacDonogh,bmacdonogho6@drupal.org,Male,195.221.162.167
872,Jordana,Fontanet,jfontaneto7@blogtalkradio.com,Female,139.64.87.71
873,Sherye,Laws,slawso8@usa.gov,Female,96.162.83.5
874,Zelma,Bierman,zbiermano9@aol.com,Female,108.208.75.180
875,Bell,McComish,bmccomishoa@apache.org,Female,27.90.131.240
876,Reggi,Kenney,rkenneyob@aboutads.info,Female,47.196.210.105
877,Serene,Dungee,sdungeeoc@examiner.com,Female,148.96.119.25
878,Clarisse,Pargiter,cpargiterod@imageshack.us,Female,133.24.44.133
879,Pippo,Giacomucci,pgiacomuccioe@answers.com,Male,193.32.134.146
880,Cheri,Patterson,cpattersonof@thetimes.co.uk,Female,114.10.116.249
881,Bryon,Blincoe,bblincoeog@rediff.com,Male,151.182.26.121
882,Panchito,Crooks,pcrooksoh@tmall.com,Male,250.112.183.116
883,King,Neligan,kneliganoi@csmonitor.com,Male,126.174.160.93
884,Alvy,McNickle,amcnickleoj@behance.net,Male,92.134.177.215
885,Rodger,Childes,rchildesok@walmart.com,Male,158.75.8.10
886,Chrissy,Rooper,crooperol@hostgator.com,Male,3.249.111.84
887,Loise,De La Cote,ldelacoteom@goodreads.com,Female,56.100.80.8
888,Valencia,Rottenbury,vrottenburyon@fotki.com,Female,184.193.138.102
889,Forester,Keam,fkeamoo@narod.ru,Male,206.120.251.77
890,Gianni,Greenan,ggreenanop@google.com.au,Male,68.104.238.28
891,Brennen,Burness,bburnessoq@gravatar.com,Male,102.24.119.216
892,Stevy,Garvie,sgarvieor@nifty.com,Male,22.69.204.155
893,Haskell,Donson,hdonsonos@answers.com,Male,136.218.64.13
894,Zollie,Bunner,zbunnerot@google.cn,Male,222.192.90.102
895,Alano,Eichmann,aeichmannou@japanpost.jp,Male,24.176.211.54
896,Tanhya,Juszkiewicz,tjuszkiewiczov@amazon.co.uk,Female,63.40.126.195
897,Gayel,Yoxen,gyoxenow@unc.edu,Female,237.98.153.248
898,Augustin,Smallshaw,asmallshawox@hugedomains.com,Male,18.236.139.7
899,Elsi,Gooda,egoodaoy@friendfeed.com,Female,44.38.84.187
900,Taber,Habron,thabronoz@europa.eu,Male,168.176.203.48
901,Kermit,Fullager,kfullagerp0@npr.org,Male,165.91.33.11
902,Ingra,Moyce,imoycep1@usa.gov,Male,54.203.100.82
903,Nonna,Jakoubec,njakoubecp2@craigslist.org,Female,89.254.111.78
904,Rhianon,Durber,rdurberp3@plala.or.jp,Female,18.246.43.17
905,Nathanil,Simonds,nsimondsp4@economist.com,Male,36.241.221.30
906,Vally,Elan,velanp5@hexun.com,Female,219.126.109.209
907,Serge,O'Hagirtie,sohagirtiep6@smugmug.com,Male,87.149.14.22
908,Ber,Febvre,bfebvrep7@spiegel.de,Male,9.206.211.177
909,Anastassia,Crenshaw,acrenshawp8@walmart.com,Female,67.154.93.22
910,Murvyn,De Zuani,mdezuanip9@miitbeian.gov.cn,Male,60.33.141.107
911,Kristopher,Gerred,kgerredpa@posterous.com,Male,242.107.143.106
912,Willdon,Valentinuzzi,wvalentinuzzipb@disqus.com,Male,22.214.97.105
913,Rube,Rosenkranc,rrosenkrancpc@liveinternet.ru,Male,182.224.182.144
914,Tuckie,Garnham,tgarnhampd@naver.com,Male,158.173.136.69
915,Jamil,Malster,jmalsterpe@deviantart.com,Male,174.252.144.187
916,Norene,Heindrich,nheindrichpf@clickbank.net,Female,20.198.246.17
917,Weylin,Kenset,wkensetpg@latimes.com,Male,160.65.41.15
918,Chelsea,Rackstraw,crackstrawph@hp.com,Female,183.10.91.253
919,Pierce,Leetham,pleethampi@about.me,Male,160.209.79.149
920,Camellia,Fruin,cfruinpj@gravatar.com,Female,93.186.184.111
921,Langston,Fryd,lfrydpk@netvibes.com,Male,95.80.142.140
922,Meredith,Cowlas,mcowlaspl@wikia.com,Female,71.4.122.10
923,Abbi,Denes,adenespm@mit.edu,Female,195.186.38.54
924,Joachim,Bremley,jbremleypn@cpanel.net,Male,46.57.153.223
925,Valli,Daft,vdaftpo@addtoany.com,Female,152.88.19.127
926,Arielle,McCullough,amcculloughpp@scientificamerican.com,Female,252.57.48.246
927,Jamesy,Sykes,jsykespq@live.com,Male,37.107.77.97
928,Philippe,Chaperlin,pchaperlinpr@tmall.com,Female,248.47.55.89
929,Tibold,Favell,tfavellps@msu.edu,Male,148.118.126.49
930,Oberon,Varns,ovarnspt@scientificamerican.com,Male,59.199.48.95
931,Sunshine,Rivalant,srivalantpu@vk.com,Female,181.204.18.65
932,Filip,Human,fhumanpv@behance.net,Male,7.103.228.237
933,Madalyn,Bock,mbockpw@sciencedirect.com,Female,76.133.142.27
934,Konstantine,Pinwell,kpinwellpx@weather.com,Male,87.110.78.61
935,Odo,Verillo,overillopy@parallels.com,Male,90.77.112.193
936,Mandie,Atmore,matmorepz@sohu.com,Female,253.14.24.92
937,Gene,Bruhke,gbruhkeq0@techcrunch.com,Male,241.48.169.163
938,Sinclair,DelaField,sdelafieldq1@ftc.gov,Male,99.214.164.115
939,Walt,Londesborough,wlondesboroughq2@wix.com,Male,47.131.112.122
940,Kalila,Stitfall,kstitfallq3@sphinn.com,Female,25.236.129.220
941,Alikee,Durrant,adurrantq4@dyndns.org,Female,86.250.224.205
942,Lesley,Togher,ltogherq5@cafepress.com,Female,187.5.113.222
943,Ermentrude,Ridulfo,eridulfoq6@hugedomains.com,Female,82.21.52.159
944,Reynold,Nurden,rnurdenq7@virginia.edu,Male,140.228.186.200
945,Benoite,Wellsman,bwellsmanq8@stanford.edu,Female,57.48.140.196
946,Daryn,Alvar,dalvarq9@nyu.edu,Female,124.91.46.220
947,Livvyy,Shevels,lshevelsqa@trellian.com,Female,182.121.103.74
948,Chadd,Scoffins,cscoffinsqb@wp.com,Male,243.107.195.234
949,Rochelle,Noto,rnotoqc@guardian.co.uk,Female,86.0.51.160
950,Merv,Wellsman,mwellsmanqd@disqus.com,Male,71.164.193.43
951,Emlynne,Reggler,eregglerqe@ezinearticles.com,Female,192.117.162.17
952,Gaspar,Bunker,gbunkerqf@trellian.com,Male,31.239.7.116
953,Tera,Harroll,tharrollqg@163.com,Female,213.157.87.176
954,Julie,Bolton,jboltonqh@networkadvertising.org,Male,92.189.40.169
955,Mufinella,Normington,mnormingtonqi@deviantart.com,Female,143.22.226.208
956,Georgi,Twede,gtwedeqj@sourceforge.net,Male,92.67.29.112
957,Odell,Sisley,osisleyqk@dailymotion.com,Male,7.52.133.142
958,Massimo,Jordeson,mjordesonql@delicious.com,Male,166.64.23.4
959,Roshelle,Michelin,rmichelinqm@rakuten.co.jp,Female,135.221.102.52
960,Rickie,Thurling,rthurlingqn@discuz.net,Female,42.79.239.206
961,Gaby,Casarino,gcasarinoqo@printfriendly.com,Female,122.182.39.212
962,Bradney,Yanov,byanovqp@who.int,Male,59.193.54.103
963,Cilka,Dorkins,cdorkinsqq@wp.com,Female,97.217.51.137
964,Torie,Capron,tcapronqr@sciencedirect.com,Female,187.10.44.140
965,Damita,Paylor,dpaylorqs@networkadvertising.org,Female,149.234.249.178
966,Dino,Dillingstone,ddillingstoneqt@pinterest.com,Male,69.222.14.146
967,Joanie,Pirkis,jpirkisqu@yolasite.com,Female,63.129.79.174
968,Nicol,Turnpenny,nturnpennyqv@devhub.com,Female,49.106.247.0
969,Rich,Connerry,rconnerryqw@wisc.edu,Male,141.9.87.91
970,Joseito,Creevy,jcreevyqx@upenn.edu,Male,19.108.80.45
971,Charil,Element,celementqy@domainmarket.com,Female,127.246.4.34
972,Burke,Beining,bbeiningqz@mediafire.com,Male,113.236.196.179
973,Barth,Briscam,bbriscamr0@home.pl,Male,164.16.240.54
974,Amata,Grief,agriefr1@myspace.com,Female,125.138.86.30
975,Obed,Petty,opettyr2@boston.com,Male,44.197.52.72
976,Baxy,Horlick,bhorlickr3@irs.gov,Male,186.187.54.227
977,Francene,Rosser,frosserr4@salon.com,Female,225.70.171.13
978,Eunice,Wong,ewongr5@mashable.com,Female,214.179.160.188
979,Lem,Reynalds,lreynaldsr6@vimeo.com,Male,231.202.167.26
980,Harald,Soeiro,hsoeiror7@hhs.gov,Male,114.75.94.11
981,Cathrin,Leverton,clevertonr8@dagondesign.com,Female,130.252.67.42
982,Randell,Wiffill,rwiffillr9@multiply.com,Male,17.59.133.79
983,Gregory,Gallone,ggallonera@buzzfeed.com,Male,163.198.18.154
984,Heriberto,MacMarcuis,hmacmarcuisrb@tamu.edu,Male,57.186.226.110
985,Aluin,O' Kelleher,aokelleherrc@hostgator.com,Male,245.5.174.92
986,Arron,Schwerin,aschwerinrd@phpbb.com,Male,192.115.252.112
987,Paula,Toghill,ptoghillre@amazon.de,Female,10.40.185.81
988,Gabey,Witter,gwitterrf@earthlink.net,Female,241.118.138.216
989,Jacquelynn,Paik,jpaikrg@thetimes.co.uk,Female,26.83.203.16
990,Annora,Oldred,aoldredrh@rakuten.co.jp,Female,95.132.212.149
991,Rosetta,Dell Casa,rdellcasari@live.com,Female,57.125.73.136
992,Dev,Shaplin,dshaplinrj@altervista.org,Male,209.200.185.200
993,Olin,Jahnke,ojahnkerk@seattletimes.com,Male,152.99.248.52
994,Kirsti,Dalton,kdaltonrl@wp.com,Female,226.95.146.226
995,Robby,Haley,rhaleyrm@1688.com,Male,6.163.66.54
996,Ulla,Goodall,ugoodallrn@istockphoto.com,Female,96.27.57.245
997,Lindie,Petrovsky,lpetrovskyro@360.cn,Female,166.152.90.82
998,Thurstan,Ghion,tghionrp@goo.gl,Male,243.30.84.25
999,Stillmann,Aldine,saldinerq@marriott.com,Male,239.193.240.235
1000,Sandye,Melior,smeliorrr@chronoengine.com,Female,179.52.83.204
